"date","mem","cpu","storage"
"2020-10-19 09:00:00","16.976765174175632","52.10892503168798","90.19911629062403"
"2020-10-19 09:01:00","86.48072178090086","12.405754826389392","32.70116527880109"
"2020-10-19 09:02:00","42.29308516662584","43.92065180544626","33.405247781522185"
"2020-10-19 09:03:00","54.856737401379775","98.5007065238501","79.9958555285517"
"2020-10-19 09:04:00","30.004554808813232","16.69007142765846","21.069196779366607"
"2020-10-19 09:05:00","47.06726554648426","73.90912699717897","8.626184769347844"
"2020-10-19 09:06:00","72.16291518938216","27.056180495525805","25.27646707793023"
"2020-10-19 09:07:00","69.79841847673012","5.360734445904414","66.27518044486406"
"2020-10-19 09:08:00","23.58561272020321","38.73876290755624","81.04353622517965"
"2020-10-19 09:09:00","1.9327123012185865","62.88530134894002","22.3713948062358"
"2020-10-19 09:10:00","19.22519991911884","34.23947542125268","99.74191904887952"
"2020-10-19 09:11:00","29.17626957665933","96.14004213220011","24.23865211384719"
"2020-10-19 09:12:00","44.440719198532676","59.95992229851632","13.222942193217468"
"2020-10-19 09:13:00","5.634983945163463","49.43968435507422","51.6394013914395"
"2020-10-19 09:14:00","18.08254518114265","18.765707055519165","71.34987902373729"
"2020-10-19 09:15:00","12.522192608475047","85.7251084347509","37.34051757151282"
"2020-10-19 09:16:00","0.7951918485252341","53.50708763072669","33.63299206443333"
"2020-10-19 09:17:00","26.67839055216934","43.29321964303949","65.56828679851456"
"2020-10-19 09:18:00","96.47389948208284","92.55624701371991","21.32108419254619"
"2020-10-19 09:19:00","80.39500823553296","95.52733971938916","75.22008390283712"
"2020-10-19 09:20:00","48.848298614363195","93.06910428505905","17.499420023681587"
"2020-10-19 09:21:00","44.55624449141165","64.15964301832958","72.14333356059943"
"2020-10-19 09:22:00","28.852562108055068","59.78049526362113","6.155572789267816"
"2020-10-19 09:23:00","55.23337254677914","99.19189807433497","19.594302896202144"
"2020-10-19 09:24:00","67.1690629891098","56.278801419845045","69.33081795535976"
"2020-10-19 09:25:00","26.849369975813396","20.07705898239225","22.038165465964866"
"2020-10-19 09:26:00","56.99487453811234","64.65312298414668","83.6490617277597"
"2020-10-19 09:27:00","6.435792328345946","76.85797226663038","36.61231440532029"
"2020-10-19 09:28:00","78.54303496026283","93.29697464065214","79.86454869150658"
"2020-10-19 09:29:00","88.57115209665506","86.78528000063245","56.2721928859796"
"2020-10-19 09:30:00","14.966981506943956","16.165395045429108","57.25476283707369"
"2020-10-19 09:31:00","73.75156913146115","52.49445029721427","25.435203113418115"
"2020-10-19 09:32:00","38.84843159687765","92.31204754888512","15.371604658777581"
"2020-10-19 09:33:00","14.46413910291724","67.00776414162203","40.092789017660515"
"2020-10-19 09:34:00","18.711660933281692","54.957124868358555","80.47007831462672"
"2020-10-19 09:35:00","98.30059674969453","43.455807613226185","13.440367157722456"
"2020-10-19 09:36:00","48.785474230566514","68.7589160417158","35.98987538206213"
"2020-10-19 09:37:00","4.100965258914746","85.50934254790607","89.89676491949777"
"2020-10-19 09:38:00","67.91413506033595","37.154520530606796","41.49130103003762"
"2020-10-19 09:39:00","14.772392109999322","76.13459290027431","60.11916989544688"
"2020-10-19 09:40:00","62.94815513060548","36.75371887310883","91.7302857108514"
"2020-10-19 09:41:00","8.094437442589687","22.68445214697139","19.54873933607335"
"2020-10-19 09:42:00","72.36524454060658","85.21685979462919","61.705267614926804"
"2020-10-19 09:43:00","24.914936800870514","16.335279305035577","72.85369246243614"
"2020-10-19 09:44:00","54.0158879520362","39.70002333652012","83.6839941267094"
"2020-10-19 09:45:00","6.483371695914553","35.083325181679","74.86852364985816"
"2020-10-19 09:46:00","39.34506786767766","25.913078769908026","61.13061581597074"
"2020-10-19 09:47:00","22.741209162479038","9.632679767980012","54.97399187381875"
"2020-10-19 09:48:00","75.36489167186362","42.67739211605577","16.42484104419648"
"2020-10-19 09:49:00","65.71637315044201","40.76079029754438","73.09223988536844"
"2020-10-19 09:50:00","58.04027653364878","94.37033972324124","85.93257362940317"
"2020-10-19 09:51:00","70.83383348071021","15.8525976462355","8.078366957296822"
"2020-10-19 09:52:00","6.723668289015339","87.21110647802006","70.81157542774154"
"2020-10-19 09:53:00","91.89872151604519","91.42098073137221","85.5782014491746"
"2020-10-19 09:54:00","58.21349192919112","23.255031816734984","17.82409563598286"
"2020-10-19 09:55:00","38.19664082873124","23.651330959861472","82.56803220634319"
"2020-10-19 09:56:00","24.695394231050827","44.644172404856675","34.62841612425511"
"2020-10-19 09:57:00","49.96349015347252","86.09375931127003","3.824444593243448"
"2020-10-19 09:58:00","57.81027406099282","6.588262827617042","43.317019090927865"
"2020-10-19 09:59:00","45.07795634561362","66.68668646410683","58.29036593945827"
"2020-10-19 10:00:00","88.70225980009796","0.3609712596577275","49.86236823511203"
"2020-10-19 10:01:00","93.11625441365072","31.63075154819328","16.239340186427007"
"2020-10-19 10:02:00","10.534231532904537","81.97201354125781","78.40116040788602"
"2020-10-19 10:03:00","20.572747931751035","22.495433945840524","43.66162284168773"
"2020-10-19 10:04:00","30.216166105870947","1.7222954959090098","26.396620768651324"
"2020-10-19 10:05:00","75.82969096919199","4.18009214331716","17.254625471708707"
"2020-10-19 10:06:00","56.1589439102667","38.79240456172026","72.28305737984621"
"2020-10-19 10:07:00","66.36037172940146","92.03428008788697","28.1415944192716"
"2020-10-19 10:08:00","37.25788579039868","5.547405469443212","78.20413826869577"
"2020-10-19 10:09:00","34.20044861516733","2.6577901771410284","3.2143038455572537"
"2020-10-19 10:10:00","35.88846126377967","82.36293202429363","37.487159247634374"
"2020-10-19 10:11:00","0.7927603628610225","42.618598831670454","72.85061876215994"
"2020-10-19 10:12:00","72.79487164911738","32.490531496529165","65.99794931284487"
"2020-10-19 10:13:00","8.035110648968825","28.598808745178772","98.71824537707687"
"2020-10-19 10:14:00","21.381241233994295","5.756482701577248","21.00482051125465"
"2020-10-19 10:15:00","88.95029839173074","12.268636054792537","11.962460086557435"
"2020-10-19 10:16:00","18.503465441158752","55.34243269011514","47.16073098976052"
"2020-10-19 10:17:00","5.557334198239272","14.377204436329993","91.26339868349164"
"2020-10-19 10:18:00","79.68034774956551","84.35784530263494","5.687678721896772"
"2020-10-19 10:19:00","52.575115855955644","13.000996844638646","74.08572558623818"
"2020-10-19 10:20:00","90.21970602164784","87.7572743203971","62.48455763181626"
"2020-10-19 10:21:00","95.7520907041405","11.063509738476963","33.20990486363813"
"2020-10-19 10:22:00","38.38284216259742","23.715365489059437","5.004683985952996"
"2020-10-19 10:23:00","61.05899420622607","91.93173031533874","96.2362588053346"
"2020-10-19 10:24:00","58.877927611904354","30.765392544890414","36.52550605936711"
"2020-10-19 10:25:00","76.38251561605873","18.802093241412376","48.194561272644876"
"2020-10-19 10:26:00","30.834973123783872","96.24891001540088","33.13833383153346"
"2020-10-19 10:27:00","57.034327867304626","50.68793627819337","38.96713778400864"
"2020-10-19 10:28:00","39.77264798346487","2.502322218612796","23.412637056218255"
"2020-10-19 10:29:00","33.941130871959516","27.820982514260084","83.25864993949064"
"2020-10-19 10:30:00","65.54901850520064","2.3111041171349544","49.01600924201699"
"2020-10-19 10:31:00","22.180226461489028","85.0713802726054","9.99557937442075"
"2020-10-19 10:32:00","51.9433768770216","20.461924795845277","53.8155582436459"
"2020-10-19 10:33:00","93.82810953940412","98.5723200108219","11.29314976323721"
"2020-10-19 10:34:00","90.96945562932986","51.19493561938731","84.01939556795548"
"2020-10-19 10:35:00","21.672968724008545","74.50781310043","1.0053222686946306"
"2020-10-19 10:36:00","21.089727143892855","28.635054739762644","57.69991795624525"
"2020-10-19 10:37:00","32.71606607464961","56.66728398789633","12.53160102157922"
"2020-10-19 10:38:00","8.804674798681322","62.65896069648485","65.45114598345457"
"2020-10-19 10:39:00","17.29877198501022","95.67039605102919","13.46633410344622"
"2020-10-19 10:40:00","19.4456446603521","90.0526995403709","42.75066527742608"
"2020-10-19 10:41:00","32.85369723512783","60.875709482287135","91.47691903113571"
"2020-10-19 10:42:00","65.08165408777158","35.78194487773894","67.77542012293173"
"2020-10-19 10:43:00","85.68419428825673","26.3203407510032","96.3609389305737"
"2020-10-19 10:44:00","14.598972376843221","95.56261484159182","69.01219344431652"
"2020-10-19 10:45:00","28.63845887343126","93.80670831851754","92.64058267528421"
"2020-10-19 10:46:00","12.647321700437764","84.02035359168869","44.33720585084993"
"2020-10-19 10:47:00","92.55337582317371","82.29264392358793","52.40171814246766"
"2020-10-19 10:48:00","39.97800586974301","43.30146977017375","10.967470175513249"
"2020-10-19 10:49:00","49.05793738417705","23.41993276230905","95.32442923611124"
"2020-10-19 10:50:00","11.564371847107457","30.878289349689148","54.34068262296279"
"2020-10-19 10:51:00","76.2526038634596","36.71370846364801","44.47979848306611"
"2020-10-19 10:52:00","12.774730314947558","85.45761758866945","16.407094171425474"
"2020-10-19 10:53:00","32.487948421880894","26.317265371599817","88.32426007868645"
"2020-10-19 10:54:00","53.42277481687556","93.16838404009356","36.58935110633066"
"2020-10-19 10:55:00","57.70948084932763","94.9559240138977","98.86737604167976"
"2020-10-19 10:56:00","62.03591305533489","92.87079043744966","44.42530883438687"
"2020-10-19 10:57:00","44.934665367589474","15.556074929218378","88.61913336585346"
"2020-10-19 10:58:00","91.33150785944349","47.86645703055426","2.4570892122541155"
"2020-10-19 10:59:00","82.31352188072871","8.545014312198674","86.99886919621721"
"2020-10-19 11:00:00","33.225805980534815","76.76773440317415","42.06657382759049"
"2020-10-19 11:01:00","13.660258697572614","58.360706092160775","41.245566217148834"
"2020-10-19 11:02:00","55.82726533093485","25.23943967550901","63.75145228855554"
"2020-10-19 11:03:00","40.71407968055885","46.765860762089886","18.47411621295536"
"2020-10-19 11:04:00","89.50713564700128","60.5727948933795","36.60209344237346"
"2020-10-19 11:05:00","73.30998764655116","73.50147190563601","32.286957890406875"
"2020-10-19 11:06:00","63.644067029924976","5.3535579701330605","27.22407481205742"
"2020-10-19 11:07:00","61.76740928109976","29.775376226377137","60.077766138884"
"2020-10-19 11:08:00","25.624526970714555","35.015827765993144","52.42241164836656"
"2020-10-19 11:09:00","65.56149089128323","75.03737071483614","72.98223809840276"
"2020-10-19 11:10:00","17.834607856268004","87.73258290704169","74.5064670010052"
"2020-10-19 11:11:00","67.92918386688372","94.49689251849608","1.2357517681441443"
"2020-10-19 11:12:00","71.60429086330322","70.26953732216165","40.72461635442161"
"2020-10-19 11:13:00","43.262287480071706","65.89319324972939","93.01448056685861"
"2020-10-19 11:14:00","33.22932811628638","52.38708542036618","92.2943740754203"
"2020-10-19 11:15:00","9.60175333580362","57.104389694907965","2.780336776992187"
"2020-10-19 11:16:00","6.178290903467931","47.08478973596375","4.4535456339720225"
"2020-10-19 11:17:00","92.05519670042779","0.8771167575590599","30.760760938701594"
"2020-10-19 11:18:00","36.35368428975523","23.90020110190885","27.7052897412859"
"2020-10-19 11:19:00","97.70050653586458","25.678646438870302","0.3373471780891757"
"2020-10-19 11:20:00","76.31377588205284","10.700176325551203","57.121220697094245"
"2020-10-19 11:21:00","96.62455907184389","89.89573136260267","10.541213095266787"
"2020-10-19 11:22:00","62.581567322798826","9.684999380677528","75.39119096443261"
"2020-10-19 11:23:00","16.362177587875593","44.34408663771616","50.00356251333875"
"2020-10-19 11:24:00","15.121434219055473","39.28854177427097","9.10402934233867"
"2020-10-19 11:25:00","83.17375961754688","78.95765348866495","98.91167748642131"
"2020-10-19 11:26:00","95.6747980777478","69.07630828472114","0.6529363606178729"
"2020-10-19 11:27:00","50.132050419213044","46.51395040241641","62.069420964736025"
"2020-10-19 11:28:00","75.74198432566965","44.924916886206326","41.489801966442606"
"2020-10-19 11:29:00","49.253218208040735","59.564281557200125","7.821209418377073"
"2020-10-19 11:30:00","19.55328874602056","48.05472330462235","80.54885301954636"
"2020-10-19 11:31:00","94.06540719786958","42.40155604031513","29.64377215283045"
"2020-10-19 11:32:00","24.197698878783026","36.85553261475205","13.908723005551682"
"2020-10-19 11:33:00","20.651904172846013","37.015787210833054","57.13096821521682"
"2020-10-19 11:34:00","93.15166636160174","83.88368685419093","35.04847741871906"
"2020-10-19 11:35:00","50.64861842803203","83.0689793787662","15.195804271127367"
"2020-10-19 11:36:00","77.271774020849","56.725102011342976","36.078238893900604"
"2020-10-19 11:37:00","36.74437494406493","63.49981579765771","19.145832099617333"
"2020-10-19 11:38:00","94.5989535016024","10.104010763931548","85.51275958749109"
"2020-10-19 11:39:00","1.3316482474152513","77.23062169764113","88.05443233401367"
"2020-10-19 11:40:00","29.660075120150232","13.511246818906963","14.971736779882772"
"2020-10-19 11:41:00","79.83593682949848","89.10524911167828","86.46162697881037"
"2020-10-19 11:42:00","89.31341012631353","94.40960624547827","41.205686163570746"
"2020-10-19 11:43:00","77.34978640500121","54.758431171888965","65.24649770769604"
"2020-10-19 11:44:00","83.46045010279954","72.93287255345349","22.935287173279573"
"2020-10-19 11:45:00","67.92927002060722","34.396896482017006","81.36269029379932"
"2020-10-19 11:46:00","29.910239802528537","96.42922179841051","0.3652421126639549"
"2020-10-19 11:47:00","19.227871627266204","37.86006352121427","32.941746968988504"
"2020-10-19 11:48:00","78.48340255836142","97.18150368258117","59.953363675082215"
"2020-10-19 11:49:00","46.04714011412858","96.1701524749693","31.266961425758954"
"2020-10-19 11:50:00","75.11898756286422","62.21667598019663","14.03712881203174"
"2020-10-19 11:51:00","79.54869013428379","32.12982090384855","45.86189894723691"
"2020-10-19 11:52:00","79.67513710598479","49.257907295781656","44.743654476250484"
"2020-10-19 11:53:00","73.83551232456627","57.90247152134902","47.91573675251739"
"2020-10-19 11:54:00","31.23942173144627","59.6841177716783","58.34213804500132"
"2020-10-19 11:55:00","88.21756747925839","43.36335787374925","24.42336903523168"
"2020-10-19 11:56:00","21.29053357136521","93.23582531249912","28.158194582349005"
"2020-10-19 11:57:00","10.011610347215228","39.94354270211809","44.76530614647976"
"2020-10-19 11:58:00","90.3779500873724","5.795128414112627","63.73823036573931"
"2020-10-19 11:59:00","5.536051272579945","71.19374402222532","43.06646390719404"
"2020-10-19 12:00:00","39.50950788077916","21.98928832915008","73.01527147746071"
"2020-10-19 12:01:00","17.976911954741247","85.87769638808456","54.05016539220773"
"2020-10-19 12:02:00","75.25323113136695","39.433886764326175","44.51958936089744"
"2020-10-19 12:03:00","84.40986634776446","25.268207921376362","67.0915031558752"
"2020-10-19 12:04:00","1.5477884839114386","59.545149670267804","87.66263108464092"
"2020-10-19 12:05:00","41.730547827616626","16.7874291669412","1.2049944709047855"
"2020-10-19 12:06:00","42.19255773045896","20.24108603507182","12.557607887638621"
"2020-10-19 12:07:00","26.020447230298103","99.79683895433607","56.24633068725813"
"2020-10-19 12:08:00","10.501389689542794","87.22647774618271","77.63521685590761"
"2020-10-19 12:09:00","18.416907956636088","8.429264838735628","82.51740827963737"
"2020-10-19 12:10:00","67.54987734743139","22.806838419893637","17.066642513836715"
"2020-10-19 12:11:00","40.37062481715592","60.61557344012436","8.270441430827113"
"2020-10-19 12:12:00","62.82362012754241","49.0456653448911","58.498016400639145"
"2020-10-19 12:13:00","64.404836887841","84.33753134567145","41.758013976796924"
"2020-10-19 12:14:00","86.73365577276657","62.7238879208879","92.12643603327324"
"2020-10-19 12:15:00","93.0273729091026","23.310103936285632","19.466327334510105"
"2020-10-19 12:16:00","56.461877885737756","23.301131789293983","6.390258458808451"
"2020-10-19 12:17:00","63.46789046784711","61.84723584262244","47.75654405525667"
"2020-10-19 12:18:00","37.02801144087409","42.73783312595414","31.11800532995006"
"2020-10-19 12:19:00","67.31512018348411","80.24417378883186","9.85560976072939"
"2020-10-19 12:20:00","66.81857702068929","83.33597664669266","7.938854864160283"
"2020-10-19 12:21:00","77.74057416275934","58.31882088048543","28.02921633971327"
"2020-10-19 12:22:00","78.34576489880175","14.627607638893503","19.706784168653346"
"2020-10-19 12:23:00","68.16540628237395","8.992666563206008","68.43512163986144"
"2020-10-19 12:24:00","61.22034958348852","9.097041411079786","94.54949470150001"
"2020-10-19 12:25:00","13.461944796332869","88.21856014749099","50.38239077448061"
"2020-10-19 12:26:00","29.152872206373104","68.30984822096661","80.15288306899524"
"2020-10-19 12:27:00","22.631446737975057","16.73499187605445","96.65069451224988"
"2020-10-19 12:28:00","81.06713379743886","21.210599628170492","54.506974774528906"
"2020-10-19 12:29:00","36.23150442833205","2.443132597607578","61.42014003088197"
"2020-10-19 12:30:00","76.49306471855581","40.249243094810105","29.709946030407774"
"2020-10-19 12:31:00","51.87760217988811","35.88225334453619","39.698609463406285"
"2020-10-19 12:32:00","85.8919846638164","98.9789994026901","71.31750062444202"
"2020-10-19 12:33:00","12.742047544229695","96.39871860126026","96.28699499269744"
"2020-10-19 12:34:00","73.20768515639531","60.37376930934026","43.531195008725774"
"2020-10-19 12:35:00","56.149691075585736","63.630870085677785","12.844527407059235"
"2020-10-19 12:36:00","38.719187728505","75.91524727926868","59.70381766673975"
"2020-10-19 12:37:00","96.87946599486801","88.47154987326205","68.6640466436047"
"2020-10-19 12:38:00","60.5720619983424","53.281435216506125","14.291384437829269"
"2020-10-19 12:39:00","54.85145005434413","84.61795376535872","78.9608194885004"
"2020-10-19 12:40:00","91.81153744965033","76.4292345620345","18.096053923779"
"2020-10-19 12:41:00","71.96652096468736","51.99134440369135","29.75520422018494"
"2020-10-19 12:42:00","5.727455374424828","92.30616906574016","34.183772904830036"
"2020-10-19 12:43:00","91.93107265032792","89.3044274437764","51.148707290423665"
"2020-10-19 12:44:00","47.70964515856839","19.2606066173445","26.05900810348345"
"2020-10-19 12:45:00","17.146364977380447","68.94645513157917","19.32961540844913"
"2020-10-19 12:46:00","78.31640585906463","14.658473269131477","78.45859700486639"
"2020-10-19 12:47:00","9.906744398221079","73.80131992556309","68.03221756633762"
"2020-10-19 12:48:00","82.89937707578477","81.60544237939287","16.321613504366073"
"2020-10-19 12:49:00","58.691971720028334","55.829360400978345","16.493179769348853"
"2020-10-19 12:50:00","15.08423696675818","57.78657939707017","58.24513586290641"
"2020-10-19 12:51:00","79.47481635493838","57.93114649768205","22.139792497361178"
"2020-10-19 12:52:00","0.8303127601212656","22.928237926671223","68.09730039790635"
"2020-10-19 12:53:00","1.039273585624545","83.84039971803399","22.68239176373057"
"2020-10-19 12:54:00","87.31867313505937","27.367229926876746","9.395896360424526"
"2020-10-19 12:55:00","71.01249238535385","18.79971762678927","19.694575271820412"
"2020-10-19 12:56:00","86.25459515102617","54.050199919384646","23.503940306949843"
"2020-10-19 12:57:00","48.52010953539201","92.60218949389983","55.093981148782454"
"2020-10-19 12:58:00","83.94591467865251","32.239807089385764","3.807181763332501"
"2020-10-19 12:59:00","35.39208181557467","2.929929860258218","25.529517059031615"
"2020-10-19 13:00:00","27.19957844720533","85.98577794130327","90.7144718579344"
"2020-10-19 13:01:00","75.35054631309816","5.415000254978319","49.342199573945564"
"2020-10-19 13:02:00","45.33242022172812","82.55644855196202","28.80998768769556"
"2020-10-19 13:03:00","71.75843925998137","35.27460863089959","17.233499971984024"
"2020-10-19 13:04:00","14.443902050421741","99.49928476999949","74.01443008354292"
"2020-10-19 13:05:00","75.65239083022412","61.97097163910734","56.46832955571666"
"2020-10-19 13:06:00","91.60956017138106","1.021867645549146","45.9480478298204"
"2020-10-19 13:07:00","61.58002515296459","38.299304715150015","83.61919120617596"
"2020-10-19 13:08:00","37.90482082739488","15.536434243460405","68.08165202481162"
"2020-10-19 13:09:00","27.51635089467861","68.55211589841359","24.356518282263593"
"2020-10-19 13:10:00","3.6075782074608265","15.320111083224951","55.80954108649176"
"2020-10-19 13:11:00","4.383702710007453","98.3828841817328","58.650987164794245"
"2020-10-19 13:12:00","72.7392535569189","27.612118922855842","99.90116372478121"
"2020-10-19 13:13:00","87.84966887718527","92.69351894354455","37.35618973431733"
"2020-10-19 13:14:00","11.973603642584486","56.878147302868484","7.459647773824307"
"2020-10-19 13:15:00","66.54453467809385","96.9592244111591","56.30978058517708"
"2020-10-19 13:16:00","57.98326635637869","90.64993193806468","39.882434643887876"
"2020-10-19 13:17:00","38.52205186058488","28.472307901946547","83.15221064856897"
"2020-10-19 13:18:00","73.41132349459585","15.086892698143517","37.02814298359123"
"2020-10-19 13:19:00","26.345720660953976","68.91568516579581","57.33077981736747"
"2020-10-19 13:20:00","58.75970966954718","27.317276656352863","64.54691247772276"
"2020-10-19 13:21:00","70.20504863070623","27.98402687321122","73.47034551493475"
"2020-10-19 13:22:00","23.00018972437119","37.76380896311029","21.006255575595144"
"2020-10-19 13:23:00","44.959439637568636","44.360354137840496","78.06079114624605"
"2020-10-19 13:24:00","16.87975663005672","41.674620206354795","15.57212352141175"
"2020-10-19 13:25:00","59.94804892781278","90.07475787037622","32.98369848942322"
"2020-10-19 13:26:00","49.97846843160409","9.325340221164712","91.32717260555334"
"2020-10-19 13:27:00","33.50724782001826","5.113049648547818","62.45535347611466"
"2020-10-19 13:28:00","86.12031110166723","47.62413774145002","1.4706093058858283"
"2020-10-19 13:29:00","41.24481769963071","82.15601109041384","35.239110977618715"
"2020-10-19 13:30:00","98.13120902118615","87.29285590696306","0.9247082317275002"
"2020-10-19 13:31:00","45.714326581403554","48.69083221991468","31.080022742718683"
"2020-10-19 13:32:00","66.42333982703556","77.53230500389428","89.09381071063251"
"2020-10-19 13:33:00","84.17260595967781","77.19343858529624","28.93060859821186"
"2020-10-19 13:34:00","92.8259895271795","72.6785196754105","37.159157197381674"
"2020-10-19 13:35:00","74.15749248931441","71.22534907561355","0.9597663747853424"
"2020-10-19 13:36:00","19.561797669780123","74.98843146468646","75.83885564416187"
"2020-10-19 13:37:00","20.22148734428111","2.31082868874819","48.013652583261354"
"2020-10-19 13:38:00","81.09626400316077","83.63293872261089","54.77883320877941"
"2020-10-19 13:39:00","77.77502076805538","38.678123436197524","17.549580752462933"
"2020-10-19 13:40:00","63.42328701655431","78.16404433279955","76.7337522565051"
"2020-10-19 13:41:00","85.56916524670474","80.6623436977026","7.670522053873108"
"2020-10-19 13:42:00","73.31657886616479","50.87088542802483","84.7956761997606"
"2020-10-19 13:43:00","17.73503377625534","3.2618044025588766","67.78789203201015"
"2020-10-19 13:44:00","36.7066022082368","44.47388060715396","88.08461191899353"
"2020-10-19 13:45:00","76.06869126201326","21.238804869836336","64.49009561823709"
"2020-10-19 13:46:00","70.85850416382817","15.18080488913438","25.55798081827185"
"2020-10-19 13:47:00","86.00288311056619","48.169373259495906","23.448355285984345"
"2020-10-19 13:48:00","14.137463429933629","47.76061039635033","12.35181400180183"
"2020-10-19 13:49:00","91.95002982140443","75.47431242639936","39.86114619073429"
"2020-10-19 13:50:00","36.527967208367684","92.85518928593252","25.477730531958965"
"2020-10-19 13:51:00","69.61289787310685","53.08986254460037","57.85063066389095"
"2020-10-19 13:52:00","96.13155005077496","17.648176065609643","96.58491818493403"
"2020-10-19 13:53:00","3.339646145612396","0.4551767792675854","19.94666134539569"
"2020-10-19 13:54:00","24.425757524614156","78.45431292667166","26.028987250603475"
"2020-10-19 13:55:00","61.127365661674474","50.30774316254898","45.84401147032666"
"2020-10-19 13:56:00","67.7849452975423","81.34552281792948","78.37379822051611"
"2020-10-19 13:57:00","14.541914949890234","74.1702117246827","89.94749181905517"
"2020-10-19 13:58:00","44.84782411829676","5.158932214587075","35.50809590940504"
"2020-10-19 13:59:00","50.80650295831215","34.50965288471512","20.01733674957318"
"2020-10-19 14:00:00","1.2601185763413403","67.06538925222544","97.88482571088161"
"2020-10-19 14:01:00","58.81905293385523","90.27541331537925","76.15850807601916"
"2020-10-19 14:02:00","96.83379912916412","13.82165059657179","48.93310860542255"
"2020-10-19 14:03:00","74.07808171210894","75.01046661668538","10.441236529716424"
"2020-10-19 14:04:00","12.908363142908552","26.218491452125715","7.657747788419278"
"2020-10-19 14:05:00","81.61589505252445","24.14180034405686","84.889330922168"
"2020-10-19 14:06:00","30.519445740680396","82.9999239669093","59.21585624093155"
"2020-10-19 14:07:00","11.019544296236417","68.05954154582794","24.529904721923934"
"2020-10-19 14:08:00","92.52102953227552","21.361838502098674","38.331505299293724"
"2020-10-19 14:09:00","22.936349279351177","23.58603947614819","51.53438473268499"
"2020-10-19 14:10:00","58.23705394771568","18.376651124156098","49.631211397988764"
"2020-10-19 14:11:00","65.58923683728185","51.15349712238564","3.909733104434321"
"2020-10-19 14:12:00","84.56676381398735","94.39001250375276","26.113908505938976"
"2020-10-19 14:13:00","10.854073273452801","66.81351596955302","23.879510810776505"
"2020-10-19 14:14:00","58.67856741471647","22.276157981930254","90.42630532293154"
"2020-10-19 14:15:00","80.65062836038987","60.947164383238864","39.33120028838617"
"2020-10-19 14:16:00","76.36384050347202","63.53591705763204","17.060795913845194"
"2020-10-19 14:17:00","13.512822036426009","99.67864705655865","40.12633240853998"
"2020-10-19 14:18:00","31.902322557216568","50.14899631261049","3.2091242256552244"
"2020-10-19 14:19:00","66.21319213149567","23.77197283444177","39.465438589481195"
"2020-10-19 14:20:00","44.834451866715355","68.38701105415737","22.538398411055958"
"2020-10-19 14:21:00","93.80375624235656","49.86942663016449","1.1503047063892602"
"2020-10-19 14:22:00","25.162878501794683","99.26514311321543","92.96092184055782"
"2020-10-19 14:23:00","90.15591094069177","9.134067424078873","29.73177124294073"
"2020-10-19 14:24:00","65.24744017364914","14.168033716999219","12.175912987456838"
"2020-10-19 14:25:00","97.71645969191991","86.71009805817138","33.27770768334146"
"2020-10-19 14:26:00","16.702361499664864","34.10096358251735","22.071662780714462"
"2020-10-19 14:27:00","10.263341178247632","60.21414664049618","20.924362072289338"
"2020-10-19 14:28:00","41.97727165944958","17.037289844919723","22.409671252161377"
"2020-10-19 14:29:00","27.60908996824998","54.78340330544449","24.969362722313647"
"2020-10-19 14:30:00","18.888062404415184","58.21336036153897","95.68533085562912"
"2020-10-19 14:31:00","89.31716109295162","55.07195725391405","50.85362095602044"
"2020-10-19 14:32:00","35.67788999084984","0.47012382688391696","1.710359659238181"
"2020-10-19 14:33:00","23.323836870531412","61.835785284671644","2.7736382036612106"
"2020-10-19 14:34:00","66.54286622302605","89.75016216332905","88.77346128457926"
"2020-10-19 14:35:00","83.34558996673924","24.406421575471747","12.036609182469071"
"2020-10-19 14:36:00","22.08700292400294","43.329647589081624","8.089187872800373"
"2020-10-19 14:37:00","73.60598771911575","3.1173310769319063","77.39908088416163"
"2020-10-19 14:38:00","81.49691901617852","31.915369964841833","4.382783648510102"
"2020-10-19 14:39:00","24.67282291726893","3.986623796924693","32.826499691156364"
"2020-10-19 14:40:00","31.46480390303854","72.98921041071789","14.221463270709457"
"2020-10-19 14:41:00","53.05180667826299","58.61541185167483","96.85117895265888"
"2020-10-19 14:42:00","29.66609197021175","6.924804194563006","63.92329903013507"
"2020-10-19 14:43:00","8.756347207996917","82.97398545105679","10.622821431569939"
"2020-10-19 14:44:00","28.873843266539588","94.62517057084092","48.43876100344464"
"2020-10-19 14:45:00","89.99454269065488","92.49196605046899","44.4648084902238"
"2020-10-19 14:46:00","85.14623962887669","63.221359716692604","36.1048596118301"
"2020-10-19 14:47:00","86.44133959881147","33.60968638111004","7.198817710348782"
"2020-10-19 14:48:00","36.05141752289753","87.61210061750926","16.129262246608157"
"2020-10-19 14:49:00","1.0338520469086676","92.90560214894495","7.048129917608303"
"2020-10-19 14:50:00","0.8594511976883545","33.198002202809505","44.518913664861"
"2020-10-19 14:51:00","2.6515023671749516","49.10090018759483","2.1414100192807206"
"2020-10-19 14:52:00","65.38331358024662","80.52777555931294","36.43292430855325"
"2020-10-19 14:53:00","68.73811765590247","78.46516642640542","99.90528341859786"
"2020-10-19 14:54:00","96.47265383524189","50.40050187376508","89.62788072177858"
"2020-10-19 14:55:00","45.29993643573682","29.21062541471564","47.90258722238263"
"2020-10-19 14:56:00","79.18145632471214","27.551185645736087","62.61729209203557"
"2020-10-19 14:57:00","1.7540560436523966","75.48362487249796","91.0209795581265"
"2020-10-19 14:58:00","99.65795088222727","64.78308084267725","47.83965501700873"
"2020-10-19 14:59:00","71.0728337206392","58.75409068013069","74.11069414272382"
"2020-10-19 15:00:00","36.57905414954472","4.5142045046760115","27.54849273116664"
"2020-10-19 15:01:00","41.73528141687311","14.679933049272819","86.6152831817209"
"2020-10-19 15:02:00","50.85146995387353","60.3190037408607","32.14910626022973"
"2020-10-19 15:03:00","2.87579611655433","96.11420198868905","11.549030838333273"
"2020-10-19 15:04:00","27.54774899665764","58.29045540529201","10.290620191685672"
"2020-10-19 15:05:00","53.28112873378479","45.56958557048987","83.50062561452198"
"2020-10-19 15:06:00","5.142661009557692","69.67467566521582","97.64505953339761"
"2020-10-19 15:07:00","19.06076052379806","7.748709381365404","45.70190123681242"
"2020-10-19 15:08:00","93.65138451511221","15.685411701218221","24.39717026068582"
"2020-10-19 15:09:00","96.25388235936074","80.36022212556307","2.168729825143889"
"2020-10-19 15:10:00","51.77098869997603","0.7110655700097723","42.50627651527515"
"2020-10-19 15:11:00","9.726660973075685","11.106126398982452","74.0859475510668"
"2020-10-19 15:12:00","80.88573733537294","24.397960901292738","37.72128307997053"
"2020-10-19 15:13:00","66.41616769523411","95.46673590994872","19.20078318874534"
"2020-10-19 15:14:00","1.083895914107913","79.824674116531","90.7953280461621"
"2020-10-19 15:15:00","57.339796004159616","8.999901157134026","69.31178815147463"
"2020-10-19 15:16:00","1.3825255417706517","29.476213155430496","25.74468893429067"
"2020-10-19 15:17:00","68.91020214924721","8.89608744886079","60.61922598199172"
"2020-10-19 15:18:00","53.962231045761236","47.83616566532629","31.79571187147563"
"2020-10-19 15:19:00","82.48187267291766","58.855033894644414","40.39253159060754"
"2020-10-19 15:20:00","81.68308887820133","40.22264259481763","40.63927977888091"
"2020-10-19 15:21:00","5.423510217822147","90.22861137473959","43.016046518625984"
"2020-10-19 15:22:00","42.52877106139697","59.25912360932455","48.69686997302443"
"2020-10-19 15:23:00","39.89550532940787","41.2837439754495","87.14774626268955"
"2020-10-19 15:24:00","28.9764057773251","48.49985833742379","99.83237728431031"
"2020-10-19 15:25:00","46.29617879364814","6.2071743867192275","60.92094045932268"
"2020-10-19 15:26:00","17.482599282793075","77.81947180699245","75.46806534593603"
"2020-10-19 15:27:00","80.2646016467762","22.934570489193874","23.284957386237814"
"2020-10-19 15:28:00","3.0853274650108453","64.83190774490922","60.63332823810328"
"2020-10-19 15:29:00","22.827899674476292","14.588624428196685","88.70581370984026"
"2020-10-19 15:30:00","29.272300593122893","87.0559986281541","0.2998540625703594"
"2020-10-19 15:31:00","92.84769537212203","48.93657640555838","37.992226411987495"
"2020-10-19 15:32:00","4.043985455027821","20.946626296689153","3.768720774690637"
"2020-10-19 15:33:00","60.71470563031873","18.42683245856669","42.88276254778201"
"2020-10-19 15:34:00","36.03632592920973","60.45449577578383","80.83385268338652"
"2020-10-19 15:35:00","93.763263716511","83.94017107874544","26.871423522573746"
"2020-10-19 15:36:00","52.980888892617074","38.20391458699122","87.23550109389477"
"2020-10-19 15:37:00","99.6077448306613","87.3169063656575","31.26581243643831"
"2020-10-19 15:38:00","16.19848790393057","72.1197456990599","20.202513149718925"
"2020-10-19 15:39:00","47.91968994458004","43.06914989622788","25.28554593850558"
"2020-10-19 15:40:00","13.09218478834393","72.01672612644327","97.01877094458784"
"2020-10-19 15:41:00","62.63778062288063","81.97004244788972","24.61840280020249"
"2020-10-19 15:42:00","47.40523805539976","16.09689516116386","77.64965997310958"
"2020-10-19 15:43:00","54.936342098218184","85.53792911432782","23.62149255960173"
"2020-10-19 15:44:00","43.41750785913352","28.657425661056557","23.407627529837917"
"2020-10-19 15:45:00","8.709542685273819","22.334201526045973","6.489894982349864"
"2020-10-19 15:46:00","2.000369722216555","41.95334310156924","62.87860639864966"
"2020-10-19 15:47:00","39.13387878278047","4.779705820481528","19.24707113491624"
"2020-10-19 15:48:00","3.960647776347037","60.56764872844565","56.97262291649252"
"2020-10-19 15:49:00","49.17868930819145","6.810033196843124","84.54601415335092"
"2020-10-19 15:50:00","12.501512892697498","94.74486163734113","1.6263584902298067"
"2020-10-19 15:51:00","79.78059326403482","99.08224594295628","96.00077589721066"
"2020-10-19 15:52:00","11.160958789683484","75.94102822361133","14.969241277247214"
"2020-10-19 15:53:00","33.7122285024384","57.87848104748523","33.57268085615641"
"2020-10-19 15:54:00","89.08267197336124","75.57527350842523","55.41119168891515"
"2020-10-19 15:55:00","57.55371898212933","67.08705076926327","93.5149650812769"
"2020-10-19 15:56:00","99.03797774213237","31.744304470984062","65.85701724146527"
"2020-10-19 15:57:00","44.19320267515256","5.004070208338218","38.68954325565173"
"2020-10-19 15:58:00","67.16950853313071","73.8375837903668","93.46858233723037"
"2020-10-19 15:59:00","35.852158513733954","54.21096376529404","15.559005311563912"
"2020-10-19 16:00:00","50.75657577191299","64.66536539085193","84.1430896450885"
"2020-10-19 16:01:00","18.32956504355543","44.36289705729628","95.07553186727003"
"2020-10-19 16:02:00","9.096045314156331","56.457739539799356","29.188833267921833"
"2020-10-19 16:03:00","25.33065802013772","42.22641468368753","68.79382863946597"
"2020-10-19 16:04:00","13.487136294811908","88.0176955734636","42.579182183086715"
"2020-10-19 16:05:00","18.86580866272776","47.219528521725884","25.31094590117633"
"2020-10-19 16:06:00","58.16843122072228","78.55839865495201","18.70887145213267"
"2020-10-19 16:07:00","52.31446998303832","77.09925693167577","56.08740817521787"
"2020-10-19 16:08:00","7.456497562111997","13.905677157656315","38.9923134523209"
"2020-10-19 16:09:00","62.28260841355559","32.09093429702832","57.645337226232755"
"2020-10-19 16:10:00","81.28383241767325","77.03521878896878","48.852734649662"
"2020-10-19 16:11:00","82.75714423471712","45.85943052909505","84.60641494787981"
"2020-10-19 16:12:00","26.512586240795844","60.44437894387937","27.3583963241268"
"2020-10-19 16:13:00","25.40796537623342","57.18554954070834","86.98509995604525"
"2020-10-19 16:14:00","90.93896914390893","95.72893099170858","83.77946371412118"
"2020-10-19 16:15:00","54.21553448031542","34.33264546748991","2.6744825747971657"
"2020-10-19 16:16:00","55.30278518264318","53.73272908719395","78.34172009378764"
"2020-10-19 16:17:00","72.93908576124639","38.126529179498526","70.4424075532291"
"2020-10-19 16:18:00","45.8523467499798","8.784304153306755","69.63491222685772"
"2020-10-19 16:19:00","60.85464060141579","1.0283132628752911","27.153037344958708"
"2020-10-19 16:20:00","61.67224472216037","72.96374303613138","75.64192891816433"
"2020-10-19 16:21:00","9.593872906856603","60.884848375067044","59.41805966694458"
"2020-10-19 16:22:00","94.99202896490613","8.484452894784432","26.593966898743602"
"2020-10-19 16:23:00","22.78140094111738","83.20225080129397","30.399985774409988"
"2020-10-19 16:24:00","76.35544959148328","7.643480470117692","55.19004304083328"
"2020-10-19 16:25:00","78.14014362261359","79.53309485935279","27.556899427249526"
"2020-10-19 16:26:00","47.54605240432204","28.031569393110132","42.13158291209324"
"2020-10-19 16:27:00","46.73477838470246","33.0922518289474","93.83098870281266"
"2020-10-19 16:28:00","90.44305804840327","75.86023552489995","43.984691292801074"
"2020-10-19 16:29:00","3.4082976206242677","46.55034612140398","37.21919212645373"
"2020-10-19 16:30:00","77.13664682025127","57.86639517694046","50.635824398261"
"2020-10-19 16:31:00","3.4557594617903753","19.26614903685668","16.357684899906832"
"2020-10-19 16:32:00","84.89057728502338","4.855060431231228","92.1619325329577"
"2020-10-19 16:33:00","61.118668129387665","31.598569801610065","89.9637957503733"
"2020-10-19 16:34:00","95.72868662549463","4.9410477266629504","19.228002827701076"
"2020-10-19 16:35:00","33.59431529518824","18.33254442740635","23.22792129574418"
"2020-10-19 16:36:00","63.71239081532545","68.29213158917582","94.67531440733138"
"2020-10-19 16:37:00","88.20321249103426","87.23757028469159","88.95327882504213"
"2020-10-19 16:38:00","45.75188504304817","38.83837413937494","39.85651063171554"
"2020-10-19 16:39:00","53.89303623561881","5.4984436334122755","53.181982774044336"
"2020-10-19 16:40:00","68.9278389448891","89.1218168877627","39.594497580924056"
"2020-10-19 16:41:00","73.31387078534351","53.085522031338385","41.237835113387014"
"2020-10-19 16:42:00","70.92053126426488","26.650412015107626","41.98624616465485"
"2020-10-19 16:43:00","25.103860302170755","41.32309271692441","28.386370891313284"
"2020-10-19 16:44:00","19.398272819308282","37.76227355270858","9.138492047725322"
"2020-10-19 16:45:00","35.13708329949807","69.8499916249975","32.931336733968934"
"2020-10-19 16:46:00","16.33878719562194","76.26663142001415","60.28209257635613"
"2020-10-19 16:47:00","80.82630147803096","23.454861748065127","18.423806028195045"
"2020-10-19 16:48:00","90.40752594886008","54.590991307467185","71.35028662625062"
"2020-10-19 16:49:00","47.81129691061574","65.4654921786789","25.390564529903582"
"2020-10-19 16:50:00","55.354874342026264","56.38891891899731","20.259835487222855"
"2020-10-19 16:51:00","18.531627066616487","85.4830357471148","10.12166646831194"
"2020-10-19 16:52:00","33.58398185928655","5.374160493903735","99.180169676584"
"2020-10-19 16:53:00","61.83478154285298","66.44794688070301","12.1179720071958"
"2020-10-19 16:54:00","92.18322480512167","25.242801960841454","99.74810277209573"
"2020-10-19 16:55:00","12.72253540018733","1.810608590639462","62.44142930568293"
"2020-10-19 16:56:00","61.86546111047115","17.86871161453678","87.7716580136671"
"2020-10-19 16:57:00","11.93353922587752","59.157853261971226","11.957473651503747"
"2020-10-19 16:58:00","74.72654835461113","69.47531774852793","15.210391972480487"
"2020-10-19 16:59:00","7.201797015408484","0.12307412966909848","95.19128657701381"
"2020-10-19 17:00:00","59.064881728520405","86.74819146239379","20.115536188183047"
"2020-10-19 17:01:00","31.610819581260508","69.02705222150725","98.27011953090683"
"2020-10-19 17:02:00","63.03917068410379","26.59267330909396","69.63783908708471"
"2020-10-19 17:03:00","65.31402251609192","68.57090867038373","82.05908363100467"
"2020-10-19 17:04:00","29.261794287890773","82.55303258456985","2.0201159916475975"
"2020-10-19 17:05:00","91.2852913051686","9.507274106275677","75.77423081330252"
"2020-10-19 17:06:00","1.7114504146269471","50.31183088845352","70.27914781495437"
"2020-10-19 17:07:00","99.68157764691395","3.9173397588620595","91.66717676042688"
"2020-10-19 17:08:00","2.7837503491234816","8.516573546198991","43.11322554487425"
"2020-10-19 17:09:00","19.1914235566758","7.025817712516336","81.01876898242588"
"2020-10-19 17:10:00","56.78643359786166","92.38320229189092","25.98019705028689"
"2020-10-19 17:11:00","64.95475593980353","92.275059640052","66.95694779502857"
"2020-10-19 17:12:00","55.406567944483065","43.67466314896242","75.34911795467161"
"2020-10-19 17:13:00","38.97547484026298","7.76261915400851","7.616405347468591"
"2020-10-19 17:14:00","79.06032552796943","10.626193981456144","64.16112729780843"
"2020-10-19 17:15:00","17.286629378931085","20.644804688679642","11.15438957187398"
"2020-10-19 17:16:00","22.88843480925882","64.12023912194667","66.68020729234188"
"2020-10-19 17:17:00","9.594501093943197","18.750935897074573","3.7396207971363005"
"2020-10-19 17:18:00","15.590645302144202","36.04310090860541","51.02038351774561"
"2020-10-19 17:19:00","40.52923587602291","13.867196760470591","50.98039837387016"
"2020-10-19 17:20:00","53.036202805944946","81.35819234915466","39.65634340532662"
"2020-10-19 17:21:00","32.44209172238255","85.36617662786705","0.2324525784842546"
"2020-10-19 17:22:00","47.78435976520292","24.407628396937486","97.75405816763414"
"2020-10-19 17:23:00","87.77210882579396","39.57323430749293","39.705203489861816"
"2020-10-19 17:24:00","45.41599101655132","22.54394480561328","69.72554919971662"
"2020-10-19 17:25:00","2.853090153936555","90.74607330796508","65.4547605930109"
"2020-10-19 17:26:00","75.28715801365773","37.53287825854849","17.52135215559054"
"2020-10-19 17:27:00","20.184904308372253","91.89965670047948","68.65513879720572"
"2020-10-19 17:28:00","15.656571676320885","61.451114459076365","12.676007543479706"
"2020-10-19 17:29:00","41.74425415660477","16.439883444574143","77.9667082860968"
"2020-10-19 17:30:00","90.3044109530762","44.58754447138193","72.90853483939262"
"2020-10-19 17:31:00","70.74217189078837","17.98590578691308","3.910762866155504"
"2020-10-19 17:32:00","10.78992033936772","41.28289704078008","74.79645969774708"
"2020-10-19 17:33:00","53.10759922163064","70.88828747933337","94.80286539762326"
"2020-10-19 17:34:00","14.590768635627782","66.34235969950043","90.79543821933427"
"2020-10-19 17:35:00","3.077212271657248","75.14249309061387","3.0683130214063103"
"2020-10-19 17:36:00","31.2408153197133","13.163046984401383","93.8232614883019"
"2020-10-19 17:37:00","96.82492196403511","74.20720728537289","48.58610882765817"
"2020-10-19 17:38:00","81.38878428210312","75.98323145641126","65.25997770047864"
"2020-10-19 17:39:00","18.485799933558944","82.55178160461254","10.415159476937564"
"2020-10-19 17:40:00","98.74524125867048","29.423531014516826","17.371912108899213"
"2020-10-19 17:41:00","31.987860369640654","91.807849267983","21.462470855721747"
"2020-10-19 17:42:00","28.396816051981876","60.37672631569306","89.89000563677203"
"2020-10-19 17:43:00","77.16110614244276","5.625178568977218","31.194478469332275"
"2020-10-19 17:44:00","20.795946778148846","84.9427537795022","71.09235942909964"
"2020-10-19 17:45:00","21.682266660085613","98.8864481145127","14.753686608143092"
"2020-10-19 17:46:00","48.005195056249825","85.92261694544028","43.71185074346571"
"2020-10-19 17:47:00","28.584086766255346","37.61457533130936","30.92905759303126"
"2020-10-19 17:48:00","8.11341086584858","67.7870626736639","68.9180139982632"
"2020-10-19 17:49:00","63.009187424049415","20.192243278614484","53.529192318852715"
"2020-10-19 17:50:00","0.6960836911549029","78.60952923020194","89.44165911775448"
"2020-10-19 17:51:00","80.48491346698353","50.85804056155716","31.92610878104074"
"2020-10-19 17:52:00","78.38931210064469","76.92150315218245","62.281078994965156"
"2020-10-19 17:53:00","24.483041708089615","12.842732500722276","54.925305623994866"
"2020-10-19 17:54:00","85.09100031482086","86.91554720539204","15.213157313677161"
"2020-10-19 17:55:00","47.27582342242327","41.51845228572084","22.397281699777594"
"2020-10-19 17:56:00","94.98134405458882","45.87741787598632","43.898367425885624"
"2020-10-19 17:57:00","51.17446808484589","57.19080423157386","16.226556565941873"
"2020-10-19 17:58:00","56.0746336559327","20.057899754891693","46.092603037566484"
"2020-10-19 17:59:00","77.91317113789442","6.566746638758492","65.78376888407958"
